{
   "metaDataVersion":"1.0.0",
   "category":"com.microchip.ide.project",
   "content":{
      "metaDataVersion":"1.3.0",
      "name":"com.microchip.mcu32.mplabx.project.MPLAB-Harmony-Reference-Apps_pic32cmmc_getting_started",
      "version":"1.6.0",
      "displayName":"Getting Started Application on PIC32CM MC00 Curiosity Nano Evaluation Kit",
      "projectName":"getting_started_pic32cm_mc_cnano",
      "shortDescription":"Demonstrates how to get started using the basic peripherals like EIC, RTC, GPIO, and SERCOM(USART)",
      "ide":{
         "name":"MPLABX",
         "semverRange":">=6.15"
      },
      "compiler":[
         {
            "name":"XC32",
            "semverRange":">=4.30"
         }
      ],
      "dfp":{
         "name":"PIC32CM-MC_DFP",
         "semverRange":"^1.4.67"
      },
      "configurator":{
         "name":"MCC",
         "semverRange":">=5.3.7"
      },
      "device":{
         "metaDataVersion":"1.0.0",
         "category":"com.microchip.portal.contentRef",
         "content":{
            "metaDataVersion":"1.0.0",
            "category":"com.microchip.device",
            "name":"PIC32CM1216MC00032",
            "versionRange":"*"
         }
      },
      "author":"Microchip",
      "subcategories":[
         [
            "Development Kit",
            "PIC32CM MC00 Curiosity Nano Evaluation Kit"
         ],
         [
            "Harmony",
            "Reference Apps"
         ]
      ],
      "peripherals":[
         "EIC",
         "RTC",
         "GPIO",
         "SERCOM (USART)"
      ],
      "keywords":[
            "Harmony",
			"MCC",
            "UART",
            "Serial Communication",
			"Getting Started",			
            "USART",
            "SERCOM",
            "Getting Started",
            "EIC",
            "RTC",
            "Curiosity Pro",
            "Curiosity",
			"Curiosity Nano",
            "I2C",
            "GPIO",
            "Temperature",
            "I/O1"
      ],
      "additionalData":{
         "longDescription":{
            "metaDataVersion":"1.0.0",
            "category":"com.microchip.portal.fileRef",
            "content":{
               "metaDataVersion":"1.0.0",
               "fileName":"./../../readme.md",
               "mimeType":"text/markdown"
            }
         }
      }
   }
}